<?xml version="1.0" encoding="utf-8" ?>

<!-- Copyright 2016 Roku Corp.  All Rights Reserved. -->

<component name="HeroScreen" extends="Group" initialFocus="RowList" >

  <children>

    <FadingBackground
      id="Background"
      width="1920"
      height="1080"
      color="0xAAAAAA"
      ShadeOpacity="0.8" />

    <RowList
	    id="RowList"
      focusXOffset="[165]"
      itemComponentName="PosterItem"
      itemSize="[1920,240]"
      numRows="9"
      rowFocusAnimationStyle="FixedFocusWrap"
      rowHeights="[800,254,254,584,254,220,220,220,220]"
      rowItemSize="[[1600,700],[375,197],[375,197],[375,526],[375,197]]"
      rowItemSpacing="[[30,0]]"
      rowLabelOffset="[[165,8]]"
      showRowLabel="[false,false,true]"
      showRowCounter="[true,true,true,true,true,false]"
      translation="[0,155]"/>

    <Poster
      translation="[0,1000]"
      uri="pkg:/images/BG_dark_down.png"
      width="2000"
      height="95" />

  </children>

  <interface>
    <!-- Grid Content Node -->
    <field id="content" type="node" alias="RowList.content" onChange="onContentChange"/>

    <!-- Row item selection handler -->
    <field id="rowItemSelected" type="intarray" alias="RowList.rowItemSelected" alwaysnotify="true"/>

    <!-- Row item focused handler -->
    <field id="itemFocused" type="intarray" alias="RowList.rowItemFocused" onChange="OnItemFocused"/>

    <!-- Interface to focused item (Content Node) -->
    <field id="focusedContent"  type="node"/>
  </interface>

  <script type="text/brightscript" uri="pkg:/components/HeroScreen/HeroScreen.brs" />
</component>
