<?xml version="1.0" encoding="utf-8" ?>

<!-- Copyright 2016 Roku Corp.  All Rights Reserved. -->

<component name="HeroScene" extends="Scene" >

  <children>
    <!-- RowList on HeroScene -->
    <HeroScreen
      id="HeroScreen"
      visible="true"
      translation="[0,0]"/>

    <!-- Overhang Node -->
    <Overhang
      showClock="true"
      title="RokuDevExamples" />

    <!-- Details screen with play button -->
    <DetailsScreen
      id="DetailsScreen"
      visible="false" />

    <!-- Warning if bad URL request/timeout -->
    <Dialog
      id="WarningDialog"
      title="Content Loading Failed"
      optionsDialog="true"
      message="The content is not available at this time. Press option '*' to continue to a blank channel or 'home' to exit."
      visible="false" />

    <LoadingIndicator
      id="LoadingIndicator"
      imageUri="pkg:/components/LoadingIndicator/loader.png"
      clockwise="true"
      spinInterval="2"
      fadeInterval="0.5"
      spacing="20"
      imageWidth="100"
      text="Loading..."
      width="1920"
      height="1080"
      centered="false"
      translation="[0, 0]"
      textPadding="10"
      font="font:SmallBoldSystemFont"
      backgroundColor="0x551A8B"
      backgroundOpacity="0"/>
  </children>

  <interface>
    <field id="ready" type="boolean" alias="HeroScreen.ready" />
    <field id="content" type="node" alias="HeroScreen.content" onChange="OnChangeContent" />
    <field id="rowItemSelected" type="intarray" alias="HeroScreen.rowItemSelected" alwaysNotify="true" onChange="OnRowItemSelected" />
  </interface>

  <script type="text/brightscript" uri="pkg:/components/HeroScene.brs" />

</component>
